1,['170.txt']
2,['125.txt']
3,['355.txt']
4,['951.txt']
5,['222.txt']
6,['26.txt']
7,['1318.txt']
8,['554.txt']
9,['1304.txt']
10,['353.txt']
11,['1324.txt']
12,['590.txt']
13,['1264.txt']
14,['1287.txt']
15,['1101.txt']
16,['1174.txt']
17,['751.txt']
18,['446.txt']
19,['366.txt']
20,['635.txt']
21,['808.txt']
22,['1166.txt']
23,['73.txt']
24,['892.txt']
25,['756.txt']
26,['549.txt']
27,['1009.txt']
28,['4.txt']
29,['1321.txt']
30,['338.txt']
31,['623.txt']
32,['1094.txt']
33,['1184.txt']
34,['1308.txt']
35,['1071.txt']
36,['593.txt']
37,['684.txt']
38,['665.txt']
39,['261.txt']
40,['187.txt']
41,['1311.txt']
42,['796.txt']
43,['1256.txt']
44,['693.txt']
45,['1212.txt']
46,['194.txt']
47,['752.txt']
48,['710.txt']
49,['205.txt']
50,['1187.txt']
51,['647.txt']
52,['467.txt']
53,['114.txt']
54,['873.txt']
55,['318.txt']
56,['162.txt']
57,['904.txt']
58,['1051.txt']
59,['75.txt']
60,['1385.txt']
61,['1295.txt']
62,['740.txt']
63,['521.txt']
64,['303.txt']
65,['832.txt']
66,['91.txt']
67,['285.txt']
68,['650.txt']
69,['913.txt']
70,['1325.txt']
71,['1087.txt']
72,['358.txt']
73,['613.txt']
74,['1333.txt']
75,['395.txt']
76,['1121.txt']
77,['1242.txt']
78,['28.txt']
79,['619.txt']
80,['1307.txt']
81,['572.txt']
82,['1339.txt']
83,['1083.txt']
84,['268.txt']
85,['283.txt']
86,['246.txt']
87,['1342.txt']
88,['938.txt']
89,['561.txt']
90,['959.txt']
91,['115.txt']
92,['1048.txt']
93,['203.txt']
94,['1168.txt']
95,['1243.txt']
96,['100.txt']
97,['376.txt']
98,['668.txt']
99,['390.txt']
100,['1067.txt']
101,['519.txt']
102,['136.txt']
103,['829.txt']
104,['40.txt']
105,['157.txt']
106,['801.txt']
107,['1351.txt']
108,['996.txt']
109,['524.txt']
110,['882.txt']
111,['1176.txt']
112,['487.txt']
113,['169.txt']
114,['27.txt']
115,['363.txt']
116,['608.txt']
117,['610.txt']
118,['1346.txt']
119,['820.txt']
120,['741.txt']
121,['101.txt']
122,['176.txt']
123,['247.txt']
124,['271.txt']
125,['937.txt']
126,['58.txt']
127,['1110.txt']
128,['495.txt']
129,['1289.txt']
130,['1078.txt']
131,['1276.txt']
132,['582.txt']
133,['379.txt']
134,['550.txt']
135,['535.txt']
136,['173.txt']
137,['579.txt']
138,['1031.txt']
139,['848.txt']
140,['457.txt']
141,['952.txt']
142,['263.txt']
143,['1056.txt']
144,['1280.txt']
145,['300.txt']
146,['1362.txt']
147,['966.txt']
148,['1252.txt']
149,['1211.txt']
150,['890.txt']
151,['1033.txt']
152,['687.txt']
153,['884.txt']
154,['79.txt']
155,['1278.txt']
156,['1181.txt']
157,['986.txt']
158,['863.txt']
159,['774.txt']
160,['962.txt']
161,['356.txt']
162,['451.txt']
163,['1172.txt']
164,['1331.txt']
165,['812.txt']
166,['568.txt']
167,['128.txt']
168,['1135.txt']
169,['31.txt']
170,['728.txt']
171,['227.txt']
172,['1302.txt']
173,['186.txt']
174,['1384.txt']
175,['1381.txt']
176,['1269.txt']
177,['617.txt']
178,['879.txt']
179,['917.txt']
180,['933.txt']
181,['950.txt']
182,['1122.txt']
183,['871.txt']
184,['1388.txt']
185,['637.txt']
186,['598.txt']
187,['981.txt']
188,['411.txt']
189,['230.txt']
190,['1133.txt']
191,['834.txt']
192,['998.txt']
193,['330.txt']
194,['719.txt']
195,['24.txt']
196,['919.txt']
197,['1074.txt']
198,['1391.txt']
199,['621.txt']
200,['154.txt']
201,['735.txt']
202,['1136.txt']
203,['1294.txt']
204,['111.txt']
205,['581.txt']
206,['726.txt']
207,['1347.txt']
208,['298.txt']
209,['118.txt']
210,['78.txt']
211,['50.txt']
212,['830.txt']
213,['224.txt']
214,['1147.txt']
215,['594.txt']
216,['299.txt']
217,['960.txt']
218,['985.txt']
219,['631.txt']
220,['903.txt']
221,['560.txt']
222,['397.txt']
223,['266.txt']
224,['720.txt']
225,['1297.txt']
226,['273.txt']
227,['1305.txt']
228,['807.txt']
229,['42.txt']
230,['1177.txt']
231,['146.txt']
232,['543.txt']
233,['25.txt']
234,['447.txt']
235,['652.txt']
236,['810.txt']
237,['1199.txt']
238,['993.txt']
239,['110.txt']
240,['708.txt']
241,['1150.txt']
242,['974.txt']
243,['869.txt']
244,['491.txt']
245,['132.txt']
246,['1363.txt']
247,['546.txt']
248,['304.txt']
249,['1364.txt']
250,['636.txt']
251,['408.txt']
252,['193.txt']
253,['783.txt']
254,['503.txt']
255,['140.txt']
256,['1377.txt']
257,['559.txt']
258,['402.txt']
259,['350.txt']
260,['1061.txt']
261,['168.txt']
262,['12.txt']
263,['850.txt']
264,['773.txt']
265,['586.txt']
266,['833.txt']
267,['158.txt']
268,['450.txt']
269,['1010.txt']
270,['1392.txt']
271,['601.txt']
272,['380.txt']
273,['1034.txt']
274,['272.txt']
275,['587.txt']
276,['664.txt']
277,['588.txt']
278,['712.txt']
279,['1164.txt']
280,['1016.txt']
281,['1367.txt']
282,['265.txt']
283,['701.txt']
284,['1341.txt']
285,['1032.txt']
286,['953.txt']
287,['566.txt']
288,['827.txt']
289,['1035.txt']
290,['510.txt']
291,['945.txt']
292,['699.txt']
293,['399.txt']
294,['791.txt']
295,['1015.txt']
296,['929.txt']
297,['760.txt']
298,['627.txt']
299,['191.txt']
300,['971.txt']
301,['1037.txt']
302,['7.txt']
303,['615.txt']
304,['345.txt']
305,['368.txt']
306,['1163.txt']
307,['243.txt']
308,['221.txt']
309,['1144.txt']
310,['776.txt']
311,['322.txt']
312,['1354.txt']
313,['1185.txt']
314,['1358.txt']
315,['779.txt']
316,['486.txt']
317,['182.txt']
318,['1001.txt']
319,['15.txt']
320,['634.txt']
321,['611.txt']
322,['151.txt']
323,['762.txt']
324,['672.txt']
325,['452.txt']
326,['123.txt']
327,['377.txt']
328,['1373.txt']
329,['134.txt']
330,['743.txt']
331,['97.txt']
332,['1128.txt']
333,['584.txt']
334,['733.txt']
335,['1019.txt']
336,['1.txt']
337,['386.txt']
338,['116.txt']
339,['459.txt']
340,['640.txt']
341,['449.txt']
342,['633.txt']
343,['453.txt']
344,['1020.txt']
345,['496.txt']
346,['764.txt']
347,['705.txt']
348,['29.txt']
349,['344.txt']
350,['89.txt']
351,['531.txt']
352,['13.txt']
353,['1092.txt']
354,['604.txt']
355,['1043.txt']
356,['1175.txt']
357,['470.txt']
358,['427.txt']
359,['1301.txt']
360,['208.txt']
361,['711.txt']
362,['1328.txt']
363,['1227.txt']
364,['1099.txt']
365,['983.txt']
366,['1225.txt']
367,['68.txt']
368,['177.txt']
369,['188.txt']
370,['174.txt']
371,['240.txt']
372,['416.txt']
373,['56.txt']
374,['718.txt']
375,['547.txt']
376,['1106.txt']
377,['112.txt']
378,['74.txt']
379,['723.txt']
380,['14.txt']
381,['870.txt']
382,['1114.txt']
383,['196.txt']
384,['424.txt']
385,['639.txt']
386,['575.txt']
387,['77.txt']
388,['583.txt']
389,['806.txt']
390,['508.txt']
391,['785.txt']
392,['204.txt']
393,['530.txt']
394,['765.txt']
395,['455.txt']
396,['787.txt']
397,['98.txt']
398,['522.txt']
399,['725.txt']
400,['281.txt']
401,['673.txt']
402,['897.txt']
403,['1132.txt']
404,['690.txt']
405,['607.txt']
406,['697.txt']
407,['102.txt']
408,['789.txt']
409,['1145.txt']
410,['209.txt']
411,['1338.txt']
412,['1146.txt']
413,['178.txt']
414,['1169.txt']
415,['316.txt']
416,['306.txt']
417,['1162.txt']
418,['349.txt']
419,['1387.txt']
420,['1261.txt']
421,['184.txt']
422,['1337.txt']
423,['94.txt']
424,['738.txt']
425,['1091.txt']
426,['117.txt']
427,['145.txt']
428,['677.txt']
429,['1323.txt']
430,['107.txt']
431,['567.txt']
432,['197.txt']
433,['1356.txt']
434,['430.txt']
435,['279.txt']
436,['48.txt']
437,['1237.txt']
438,['1229.txt']
439,['1396.txt']
440,['250.txt']
441,['1188.txt']
442,['1279.txt']
443,['606.txt']
444,['961.txt']
445,['1155.txt']
446,['577.txt']
447,['552.txt']
448,['965.txt']
449,['1241.txt']
450,['119.txt']
451,['463.txt']
452,['1097.txt']
453,['1138.txt']
454,['659.txt']
455,['624.txt']
456,['364.txt']
457,['770.txt']
458,['41.txt']
459,['999.txt']
460,['275.txt']
461,['944.txt']
462,['389.txt']
463,['293.txt']
464,['527.txt']
465,['1274.txt']
466,['391.txt']
467,['525.txt']
468,['104.txt']
469,['360.txt']
470,['632.txt']
471,['1193.txt']
472,['689.txt']
473,['507.txt']
474,['898.txt']
475,['1383.txt']
476,['46.txt']
477,['509.txt']
478,['571.txt']
479,['1065.txt']
480,['876.txt']
481,['734.txt']
482,['746.txt']
483,['591.txt']
484,['922.txt']
485,['375.txt']
486,['404.txt']
487,['1327.txt']
488,['685.txt']
489,['957.txt']
490,['844.txt']
491,['1262.txt']
492,['225.txt']
493,['20.txt']
494,['340.txt']
495,['970.txt']
496,['369.txt']
497,['1285.txt']
498,['857.txt']
499,['296.txt']
500,['749.txt']
501,['18.txt']
502,['445.txt']
503,['1355.txt']
504,['223.txt']
505,['47.txt']
506,['988.txt']
507,['795.txt']
508,['1277.txt']
509,['280.txt']
510,['218.txt']
511,['1006.txt']
512,['675.txt']
513,['865.txt']
514,['478.txt']
515,['651.txt']
516,['383.txt']
517,['1253.txt']
518,['234.txt']
519,['1389.txt']
520,['1041.txt']
521,['410.txt']
522,['532.txt']
523,['370.txt']
524,['724.txt']
525,['1231.txt']
526,['576.txt']
527,['3.txt']
528,['978.txt']
529,['1108.txt']
530,['54.txt']
531,['1195.txt']
532,['809.txt']
533,['915.txt']
534,['319.txt']
535,['1160.txt']
536,['44.txt']
537,['373.txt']
538,['852.txt']
539,['1072.txt']
540,['442.txt']
541,['698.txt']
542,['506.txt']
543,['1236.txt']
544,['1201.txt']
545,['76.txt']
546,['907.txt']
547,['378.txt']
548,['716.txt']
549,['16.txt']
550,['545.txt']
551,['769.txt']
552,['1105.txt']
553,['88.txt']
554,['483.txt']
555,['1343.txt']
556,['942.txt']
557,['920.txt']
558,['1376.txt']
559,['1215.txt']
560,['802.txt']
561,['292.txt']
562,['849.txt']
563,['1208.txt']
564,['1081.txt']
565,['1369.txt']
566,['597.txt']
567,['644.txt']
568,['1036.txt']
569,['967.txt']
570,['1245.txt']
571,['144.txt']
572,['1350.txt']
573,['1111.txt']
574,['763.txt']
575,['236.txt']
576,['1064.txt']
577,['245.txt']
578,['103.txt']
579,['674.txt']
580,['382.txt']
581,['57.txt']
582,['1066.txt']
583,['233.txt']
584,['339.txt']
585,['394.txt']
586,['444.txt']
587,['839.txt']
588,['817.txt']
589,['239.txt']
590,['1022.txt']
591,['533.txt']
592,['5.txt']
593,['415.txt']
594,['905.txt']
595,['60.txt']
596,['511.txt']
597,['1170.txt']
598,['215.txt']
599,['1171.txt']
600,['419.txt']
601,['95.txt']
602,['1079.txt']
603,['207.txt']
604,['1030.txt']
605,['523.txt']
606,['847.txt']
607,['851.txt']
608,['934.txt']
609,['426.txt']
610,['570.txt']
611,['563.txt']
612,['1238.txt']
613,['1233.txt']
614,['646.txt']
615,['291.txt']
616,['141.txt']
617,['327.txt']
618,['667.txt']
619,['727.txt']
620,['270.txt']
621,['461.txt']
622,['1096.txt']
623,['1076.txt']
624,['947.txt']
625,['948.txt']
626,['1221.txt']
627,['956.txt']
628,['482.txt']
629,['497.txt']
630,['1143.txt']
631,['714.txt']
632,['1063.txt']
633,['147.txt']
634,['301.txt']
635,['165.txt']
636,['99.txt']
637,['417.txt']
638,['70.txt']
639,['121.txt']
640,['498.txt']
641,['1228.txt']
642,['260.txt']
643,['569.txt']
644,['1244.txt']
645,['1263.txt']
646,['784.txt']
647,['310.txt']
648,['241.txt']
649,['513.txt']
650,['717.txt']
651,['251.txt']
652,['23.txt']
653,['472.txt']
654,['1219.txt']
655,['323.txt']
656,['474.txt']
657,['256.txt']
658,['512.txt']
659,['286.txt']
660,['235.txt']
661,['924.txt']
662,['941.txt']
663,['501.txt']
664,['228.txt']
665,['578.txt']
666,['1118.txt']
667,['254.txt']
668,['143.txt']
669,['901.txt']
670,['43.txt']
671,['1298.txt']
672,['317.txt']
673,['469.txt']
674,['1292.txt']
675,['282.txt']
676,['1222.txt']
677,['354.txt']
678,['6.txt']
679,['352.txt']
680,['759.txt']
681,['954.txt']
682,['30.txt']
683,['815.txt']
684,['573.txt']
685,['877.txt']
686,['343.txt']
687,['1349.txt']
688,['772.txt']
689,['729.txt']
690,['885.txt']
691,['113.txt']
692,['1139.txt']
693,['311.txt']
694,['976.txt']
695,['555.txt']
696,['1259.txt']
697,['1223.txt']
698,['732.txt']
699,['908.txt']
700,['676.txt']
701,['17.txt']
702,['210.txt']
703,['1382.txt']
704,['127.txt']
705,['92.txt']
706,['1370.txt']
707,['1080.txt']
708,['622.txt']
709,['499.txt']
710,['308.txt']
711,['1352.txt']
712,['211.txt']
713,['106.txt']
714,['788.txt']
715,['1329.txt']
716,['1206.txt']
717,['214.txt']
718,['1371.txt']
719,['314.txt']
720,['135.txt']
721,['1049.txt']
722,['826.txt']
723,['790.txt']
724,['1260.txt']
725,['696.txt']
726,['565.txt']
727,['434.txt']
728,['307.txt']
729,['139.txt']
730,['1186.txt']
731,['702.txt']
732,['413.txt']
733,['906.txt']
734,['82.txt']
735,['159.txt']
736,['596.txt']
737,['1272.txt']
738,['982.txt']
739,['1281.txt']
740,['248.txt']
741,['122.txt']
742,['969.txt']
743,['819.txt']
744,['45.txt']
745,['1282.txt']
746,['641.txt']
747,['1085.txt']
748,['264.txt']
749,['1248.txt']
750,['538.txt']
751,['1026.txt']
752,['1117.txt']
753,['152.txt']
754,['529.txt']
755,['49.txt']
756,['1288.txt']
757,['401.txt']
758,['889.txt']
759,['1361.txt']
760,['274.txt']
761,['1246.txt']
762,['515.txt']
763,['768.txt']
764,['66.txt']
765,['1210.txt']
766,['592.txt']
767,['200.txt']
768,['562.txt']
769,['979.txt']
770,['1129.txt']
771,['22.txt']
772,['120.txt']
773,['1003.txt']
774,['1148.txt']
775,['1313.txt']
776,['939.txt']
777,['655.txt']
778,['1360.txt']
779,['55.txt']
780,['1357.txt']
781,['1046.txt']
782,['440.txt']
783,['1293.txt']
784,['753.txt']
785,['166.txt']
786,['65.txt']
787,['258.txt']
788,['423.txt']
789,['767.txt']
790,['396.txt']
791,['72.txt']
792,['964.txt']
793,['963.txt']
794,['661.txt']
795,['199.txt']
796,['1270.txt']
797,['755.txt']
798,['1178.txt']
799,['1380.txt']
800,['1239.txt']
801,['821.txt']
802,['997.txt']
803,['1265.txt']
804,['875.txt']
805,['331.txt']
806,['1123.txt']
807,['1068.txt']
808,['891.txt']
809,['995.txt']
810,['526.txt']
811,['172.txt']
812,['778.txt']
813,['1374.txt']
814,['458.txt']
815,['1204.txt']
816,['1394.txt']
817,['814.txt']
818,['537.txt']
819,['1197.txt']
820,['438.txt']
821,['1194.txt']
822,['348.txt']
823,['618.txt']
824,['1283.txt']
825,['189.txt']
826,['443.txt']
827,['542.txt']
828,['229.txt']
829,['1126.txt']
830,['342.txt']
831,['894.txt']
832,['202.txt']
833,['766.txt']
834,['1021.txt']
835,['744.txt']
836,['212.txt']
837,['1045.txt']
838,['1027.txt']
839,['804.txt']
840,['657.txt']
841,['1156.txt']
842,['137.txt']
843,['1205.txt']
844,['290.txt']
845,['252.txt']
846,['1247.txt']
847,['932.txt']
848,['709.txt']
849,['648.txt']
850,['1167.txt']
851,['448.txt']
852,['706.txt']
853,['81.txt']
854,['564.txt']
855,['975.txt']
856,['991.txt']
857,['1125.txt']
858,['1340.txt']
859,['1142.txt']
860,['475.txt']
861,['642.txt']
862,['1296.txt']
863,['867.txt']
864,['276.txt']
865,['1179.txt']
866,['899.txt']
867,['958.txt']
868,['1159.txt']
869,['886.txt']
870,['494.txt']
871,['666.txt']
872,['1112.txt']
873,['149.txt']
874,['249.txt']
875,['456.txt']
876,['1372.txt']
877,['1115.txt']
878,['1090.txt']
879,['1153.txt']
880,['479.txt']
881,['780.txt']
882,['1326.txt']
883,['681.txt']
884,['860.txt']
885,['638.txt']
886,['703.txt']
887,['37.txt']
888,['798.txt']
889,['1220.txt']
890,['605.txt']
891,['220.txt']
892,['468.txt']
893,['302.txt']
894,['881.txt']
895,['1060.txt']
896,['831.txt']
897,['1378.txt']
898,['8.txt']
899,['1254.txt']
900,['1310.txt']
901,['1008.txt']
902,['771.txt']
903,['387.txt']
904,['874.txt']
905,['984.txt']
906,['437.txt']
907,['1314.txt']
908,['155.txt']
909,['794.txt']
910,['987.txt']
911,['923.txt']
912,['87.txt']
913,['682.txt']
914,['35.txt']
915,['1165.txt']
916,['126.txt']
917,['34.txt']
918,['1039.txt']
919,['1082.txt']
920,['1042.txt']
921,['38.txt']
922,['1100.txt']
923,['1397.txt']
924,['226.txt']
925,['321.txt']
926,['1002.txt']
927,['195.txt']
928,['326.txt']
929,['748.txt']
930,['880.txt']
931,['466.txt']
932,['946.txt']
933,['421.txt']
934,['1334.txt']
935,['219.txt']
936,['722.txt']
937,['835.txt']
938,['431.txt']
939,['80.txt']
940,['400.txt']
941,['902.txt']
942,['371.txt']
943,['931.txt']
944,['1335.txt']
945,['1196.txt']
946,['1119.txt']
947,['1180.txt']
948,['855.txt']
949,['742.txt']
950,['910.txt']
951,['628.txt']
952,['53.txt']
953,['858.txt']
954,['351.txt']
955,['1330.txt']
956,['485.txt']
957,['428.txt']
958,['1207.txt']
959,['805.txt']
960,['414.txt']
961,['1315.txt']
962,['862.txt']
963,['309.txt']
964,['1266.txt']
965,['320.txt']
966,['799.txt']
967,['1224.txt']
968,['332.txt']
969,['108.txt']
970,['244.txt']
971,['900.txt']
972,['93.txt']
973,['625.txt']
974,['761.txt']
975,['992.txt']
976,['1400.txt']
977,['217.txt']
978,['1040.txt']
979,['460.txt']
980,['854.txt']
981,['930.txt']
982,['96.txt']
983,['1251.txt']
984,['1141.txt']
985,['1055.txt']
986,['1345.txt']
987,['645.txt']
988,['1200.txt']
989,['481.txt']
990,['333.txt']
991,['1104.txt']
992,['868.txt']
993,['662.txt']
994,['476.txt']
995,['1218.txt']
996,['1062.txt']
997,['1230.txt']
998,['721.txt']
999,['347.txt']
1000,['1018.txt']
1001,['1209.txt']
1002,['505.txt']
1003,['1395.txt']
1004,['429.txt']
1005,['1202.txt']
1006,['669.txt']
1007,['19.txt']
1008,['90.txt']
1009,['324.txt']
1010,['663.txt']
1011,['362.txt']
1012,['297.txt']
1013,['124.txt']
1014,['1386.txt']
1015,['747.txt']
1016,['183.txt']
1017,['845.txt']
1018,['384.txt']
1019,['704.txt']
1020,['1359.txt']
1021,['1255.txt']
1022,['1189.txt']
1023,['336.txt']
1024,['548.txt']
1025,['148.txt']
1026,['84.txt']
1027,['935.txt']
1028,['171.txt']
1029,['1182.txt']
1030,['686.txt']
1031,['1258.txt']
1032,['872.txt']
1033,['490.txt']
1034,['10.txt']
1035,['739.txt']
1036,['1399.txt']
1037,['1131.txt']
1038,['859.txt']
1039,['777.txt']
1040,['516.txt']
1041,['335.txt']
1042,['514.txt']
1043,['1234.txt']
1044,['213.txt']
1045,['305.txt']
1046,['843.txt']
1047,['175.txt']
1048,['737.txt']
1049,['1320.txt']
1050,['406.txt']
1051,['1102.txt']
1052,['284.txt']
1053,['1005.txt']
1054,['1113.txt']
1055,['1348.txt']
1056,['775.txt']
1057,['1137.txt']
1058,['1084.txt']
1059,['1025.txt']
1060,['1124.txt']
1061,['612.txt']
1062,['1103.txt']
1063,['1317.txt']
1064,['138.txt']
1065,['614.txt']
1066,['683.txt']
1067,['1316.txt']
1068,['109.txt']
1069,['465.txt']
1070,['1088.txt']
1071,['1089.txt']
1072,['1273.txt']
1073,['816.txt']
1074,['713.txt']
1075,['856.txt']
1076,['1275.txt']
1077,['600.txt']
1078,['190.txt']
1079,['914.txt']
1080,['517.txt']
1081,['1028.txt']
1082,['367.txt']
1083,['454.txt']
1084,['259.txt']
1085,['782.txt']
1086,['824.txt']
1087,['692.txt']
1088,['602.txt']
1089,['287.txt']
1090,['1052.txt']
1091,['164.txt']
1092,['731.txt']
1093,['262.txt']
1094,['825.txt']
1095,['1057.txt']
1096,['660.txt']
1097,['253.txt']
1098,['1098.txt']
1099,['629.txt']
1100,['1004.txt']
1101,['943.txt']
1102,['393.txt']
1103,['895.txt']
1104,['928.txt']
1105,['216.txt']
1106,['883.txt']
1107,['1322.txt']
1108,['1300.txt']
1109,['800.txt']
1110,['488.txt']
1111,['242.txt']
1112,['840.txt']
1113,['539.txt']
1114,['620.txt']
1115,['156.txt']
1116,['471.txt']
1117,['1365.txt']
1118,['955.txt']
1119,['754.txt']
1120,['1393.txt']
1121,['359.txt']
1122,['192.txt']
1123,['385.txt']
1124,['818.txt']
1125,['1235.txt']
1126,['392.txt']
1127,['232.txt']
1128,['325.txt']
1129,['1095.txt']
1130,['828.txt']
1131,['420.txt']
1132,['1038.txt']
1133,['1299.txt']
1134,['1232.txt']
1135,['609.txt']
1136,['381.txt']
1137,['1140.txt']
1138,['161.txt']
1139,['520.txt']
1140,['1127.txt']
1141,['680.txt']
1142,['556.txt']
1143,['792.txt']
1144,['1312.txt']
1145,['295.txt']
1146,['388.txt']
1147,['1344.txt']
1148,['616.txt']
1149,['695.txt']
1150,['1250.txt']
1151,['477.txt']
1152,['678.txt']
1153,['462.txt']
1154,['643.txt']
1155,['257.txt']
1156,['61.txt']
1157,['237.txt']
1158,['980.txt']
1159,['59.txt']
1160,['83.txt']
1161,['544.txt']
1162,['1086.txt']
1163,['313.txt']
1164,['1157.txt']
1165,['866.txt']
1166,['493.txt']
1167,['1379.txt']
1168,['1013.txt']
1169,['916.txt']
1170,['328.txt']
1171,['864.txt']
1172,['294.txt']
1173,['990.txt']
1174,['269.txt']
1175,['398.txt']
1176,['994.txt']
1177,['599.txt']
1178,['797.txt']
1179,['536.txt']
1180,['736.txt']
1181,['85.txt']
1182,['595.txt']
1183,['557.txt']
1184,['1216.txt']
1185,['853.txt']
1186,['185.txt']
1187,['1109.txt']
1188,['912.txt']
1189,['781.txt']
1190,['911.txt']
1191,['1271.txt']
1192,['694.txt']
1193,['407.txt']
1194,['1011.txt']
1195,['71.txt']
1196,['558.txt']
1197,['878.txt']
1198,['181.txt']
1199,['36.txt']
1200,['1303.txt']
1201,['656.txt']
1202,['504.txt']
1203,['973.txt']
1204,['180.txt']
1205,['653.txt']
1206,['671.txt']
1207,['2.txt']
1208,['585.txt']
1209,['534.txt']
1210,['658.txt']
1211,['163.txt']
1212,['62.txt']
1213,['1073.txt']
1214,['626.txt']
1215,['1268.txt']
1216,['277.txt']
1217,['823.txt']
1218,['441.txt']
1219,['949.txt']
1220,['1151.txt']
1221,['786.txt']
1222,['887.txt']
1223,['927.txt']
1224,['201.txt']
1225,['1191.txt']
1226,['1053.txt']
1227,['1332.txt']
1228,['1203.txt']
1229,['589.txt']
1230,['1130.txt']
1231,['1158.txt']
1232,['1007.txt']
1233,['518.txt']
1234,['813.txt']
1235,['33.txt']
1236,['730.txt']
1237,['1050.txt']
1238,['403.txt']
1239,['64.txt']
1240,['541.txt']
1241,['837.txt']
1242,['365.txt']
1243,['1134.txt']
1244,['337.txt']
1245,['278.txt']
1246,['346.txt']
1247,['793.txt']
1248,['422.txt']
1249,['334.txt']
1250,['846.txt']
1251,['492.txt']
1252,['357.txt']
1253,['909.txt']
1254,['32.txt']
1255,['1368.txt']
1256,['1183.txt']
1257,['1000.txt']
1258,['838.txt']
1259,['1366.txt']
1260,['1291.txt']
1261,['822.txt']
1262,['464.txt']
1263,['432.txt']
1264,['842.txt']
1265,['473.txt']
1266,['179.txt']
1267,['1217.txt']
1268,['1044.txt']
1269,['433.txt']
1270,['86.txt']
1271,['715.txt']
1272,['861.txt']
1273,['409.txt']
1274,['129.txt']
1275,['1290.txt']
1276,['1319.txt']
1277,['1069.txt']
1278,['9.txt']
1279,['131.txt']
1280,['841.txt']
1281,['888.txt']
1282,['1047.txt']
1283,['133.txt']
1284,['436.txt']
1285,['51.txt']
1286,['439.txt']
1287,['405.txt']
1288,['1154.txt']
1289,['52.txt']
1290,['925.txt']
1291,['267.txt']
1292,['580.txt']
1293,['654.txt']
1294,['679.txt']
1295,['811.txt']
1296,['167.txt']
1297,['1390.txt']
1298,['528.txt']
1299,['435.txt']
1300,['1257.txt']
1301,['11.txt']
1302,['206.txt']
1303,['1029.txt']
1304,['803.txt']
1305,['374.txt']
1306,['418.txt']
1307,['288.txt']
1308,['1152.txt']
1309,['1192.txt']
1310,['480.txt']
1311,['707.txt']
1312,['231.txt']
1313,['1012.txt']
1314,['1023.txt']
1315,['1267.txt']
1316,['551.txt']
1317,['1240.txt']
1318,['1213.txt']
1319,['1070.txt']
1320,['315.txt']
1321,['574.txt']
1322,['1286.txt']
1323,['329.txt']
1324,['39.txt']
1325,['484.txt']
1326,['757.txt']
1327,['936.txt']
1328,['150.txt']
1329,['968.txt']
1330,['649.txt']
1331,['977.txt']
1332,['412.txt']
1333,['1398.txt']
1334,['750.txt']
1335,['688.txt']
1336,['745.txt']
1337,['425.txt']
1338,['972.txt']
1339,['312.txt']
1340,['489.txt']
1341,['67.txt']
1342,['1284.txt']
1343,['603.txt']
1344,['63.txt']
1345,['1214.txt']
1346,['500.txt']
1347,['130.txt']
1348,['836.txt']
1349,['372.txt']
1350,['142.txt']
1351,['1024.txt']
1352,['1054.txt']
1353,['1173.txt']
1354,['1198.txt']
1355,['153.txt']
1356,['1190.txt']
1357,['1093.txt']
1358,['670.txt']
1359,['691.txt']
1360,['1249.txt']
1361,['1149.txt']
1362,['1058.txt']
1363,['1017.txt']
1364,['893.txt']
1365,['1077.txt']
1366,['1309.txt']
1367,['1161.txt']
1368,['630.txt']
1369,['540.txt']
1370,['1107.txt']
1371,['553.txt']
1372,['1120.txt']
1373,['255.txt']
1374,['921.txt']
1375,['1075.txt']
1376,['1375.txt']
1377,['198.txt']
1378,['160.txt']
1379,['361.txt']
1380,['341.txt']
1381,['1014.txt']
1382,['896.txt']
1383,['289.txt']
1384,['918.txt']
1385,['21.txt']
1386,['502.txt']
1387,['700.txt']
1388,['1353.txt']
1389,['105.txt']
1390,['1306.txt']
1391,['1059.txt']
1392,['69.txt']
1393,['1336.txt']
1394,['940.txt']
1395,['989.txt']
1396,['926.txt']
1397,['758.txt']
1398,['1226.txt']
1399,['238.txt']
1400,['1116.txt']
